survived,pclass,sex,age,sibsp,parch,fare,embarked,title,solo
1,3rd,female,24.64178708,0,0,7.75,Queenstown,Miss,1
1,3rd,male,32.89787305,0,0,7.75,Queenstown,Mr,1
1,3rd,female,18.454561,2,0,23.25,Queenstown,Miss,0
1,3rd,female,18.454561,2,0,23.25,Queenstown,Miss,0
1,3rd,male,28.79474706,2,0,23.25,Queenstown,Mr,0
1,3rd,female,24.39628354,0,0,7.7874999,Queenstown,Miss,1
0,3rd,male,33.79621814,0,0,15.5,Queenstown,Mr,1
1,3rd,female,24.21327665,0,0,7.87919998,Queenstown,Miss,1
0,3rd,male,32.89787305,0,0,7.75,Queenstown,Mr,1
0,3rd,female,24.64178708,0,0,7.75,Queenstown,Miss,1
0,3rd,female,24.53010458,0,0,8.05000019,Southampton,Miss,1
0,3rd,female,35.46524177,0,0,8.05000019,Southampton,Mrs,1
0,3rd,male,32.89787305,0,0,7.75,Queenstown,Mr,1
0,3rd,male,28.42425189,0,0,8.05000019,Southampton,Mr,1
0,3rd,male,28.3087214,0,0,7.89580011,Southampton,Mr,1
1,3rd,female,24.21327665,0,0,7.87919998,Queenstown,Miss,1
0,3rd,male,28.42425189,0,0,8.05000019,Southampton,Mr,1
1,3rd,female,19.8140765,1,0,24.1499996,Queenstown,Miss,0
0,3rd,male,32.29941131,1,0,24.1499996,Queenstown,Mr,0
0,3rd,male,31.37309134,0,0,8.45829964,Queenstown,Mr,1
0,3rd,male,32.89787305,0,0,7.75,Queenstown,Mr,1
1,3rd,male,28.42336593,0,0,7.7750001,Southampton,Mr,1
1,3rd,male,6.996944971,1,1,15.2458,Cherbourg,Master,0
1,3rd,male,6.996944971,1,1,15.2458,Cherbourg,Master,0
1,3rd,female,28.98645715,0,2,15.2458,Cherbourg,Mrs,0
1,3rd,female,31.9376636,0,0,7.22919989,Cherbourg,Mrs,1
0,3rd,male,28.42425189,0,0,8.05000019,Southampton,Mr,1
1,3rd,female,23.75251296,0,0,7.73330021,Queenstown,Miss,1
0,3rd,male,28.42425189,0,0,8.05000019,Southampton,Mr,1
1,3rd,female,19.46062963,1,0,15.5,Queenstown,Miss,0
1,3rd,female,19.46062963,1,0,15.5,Queenstown,Miss,0
1,3rd,female,24.03332354,0,0,15.5,Queenstown,Miss,1
0,3rd,male,28.3087214,0,0,7.89580011,Southampton,Mr,1
0,3rd,male,27.82006172,0,0,7.22919989,Cherbourg,Mr,1
0,3rd,female,24.64178708,0,0,7.75,Queenstown,Miss,1
0,3rd,male,28.3087214,0,0,7.89580011,Southampton,Mr,1
0,1st,male,38.78556661,0,0,221.779205,Southampton,Mr,1
0,3rd,male,32.63490067,1,0,15.5,Queenstown,Mr,0
0,3rd,male,31.60848557,0,0,7.82919979,Queenstown,Mr,1
1,3rd,female,30.27176838,1,0,15.5,Queenstown,Mrs,0
0,3rd,male,30.2923353,0,0,7.73330021,Queenstown,Mr,1
0,3rd,male,32.89787305,0,0,7.75,Queenstown,Mr,1
0,3rd,male,32.89787305,0,0,7.75,Queenstown,Mr,1
0,3rd,female,27.23783767,0,0,7.75,Queenstown,Ms,1
1,3rd,female,24.64178708,0,0,7.75,Queenstown,Miss,1
1,3rd,female,24.21327665,0,0,7.87919998,Queenstown,Miss,1
1,1st,female,46.2966633,0,0,31.6833,Southampton,Mrs,1
1,3rd,male,32.89787305,0,0,7.75,Queenstown,Mr,1
1,3rd,female,24.23097949,0,0,7.82919979,Queenstown,Miss,1
0,3rd,male,28.93813683,0,0,7.3125,Southampton,Mr,1
1,1st,female,33.77274048,0,0,110.883301,Cherbourg,Miss,1
0,3rd,female,23.90074407,0,0,7.62919998,Queenstown,Miss,1
0,3rd,male,28.16179312,0,0,8.71249962,Cherbourg,Mr,1
0,3rd,male,30.03553815,0,0,7,Southampton,Mr,1
0,3rd,male,28.42336593,0,0,7.7750001,Southampton,Mr,1
0,3rd,male,28.42425189,0,0,8.05000019,Southampton,Mr,1
1,3rd,male,6.819229993,1,1,22.3582993,Cherbourg,Master,0
1,3rd,female,8.013894558,1,1,22.3582993,Cherbourg,Miss,0
1,3rd,female,28.73531609,0,2,22.3582993,Cherbourg,Mrs,0
0,3rd,female,23.94472163,0,0,8.13749981,Queenstown,Miss,1
0,3rd,male,28.3087214,0,0,7.89580011,Southampton,Mr,1
0,3rd,male,28.3087214,0,0,7.89580011,Southampton,Mr,1
0,3rd,male,28.3087214,0,0,7.89580011,Southampton,Mr,1
0,3rd,female,35.43589781,0,0,8.11250019,Southampton,Mrs,1
0,3rd,male,27.82006172,0,0,7.22919989,Cherbourg,Mr,1
0,3rd,male,28.96514966,0,0,7.25,Southampton,Mr,1
1,3rd,female,23.79731296,0,0,7.72079992,Queenstown,Miss,1
0,3rd,male,29.45705419,0,0,14.5,Southampton,Mr,1
0,3rd,female,35.44327731,0,0,14.5,Southampton,Mrs,1
0,3rd,male,28.42425189,0,0,8.05000019,Southampton,Mr,1
0,3rd,male,28.42336593,0,0,7.7750001,Southampton,Mr,1
1,3rd,female,24.53010458,0,0,8.05000019,Southampton,Miss,1
1,3rd,male,32.89787305,0,0,7.75,Queenstown,Mr,1
0,3rd,male,34.35676501,0,0,24.1499996,Queenstown,Mr,1
0,3rd,male,27.82006172,0,0,7.22919989,Cherbourg,Mr,1
0,3rd,male,28.01836642,0,0,7.2249999,Cherbourg,Mr,1
0,3rd,male,30.2923353,0,0,7.72919989,Queenstown,Mr,1
0,3rd,male,28.84137123,0,0,7.57499981,Southampton,Mr,1
0,3rd,male,11.31903165,8,2,69.5500031,Southampton,Master,0
0,3rd,female,15.00885191,8,2,69.5500031,Southampton,Miss,0
0,3rd,female,15.00885191,8,2,69.5500031,Southampton,Miss,0
0,3rd,female,15.00885191,8,2,69.5500031,Southampton,Miss,0
0,3rd,female,15.00885191,8,2,69.5500031,Southampton,Miss,0
0,3rd,male,20.37112736,8,2,69.5500031,Southampton,Mr,0
0,3rd,male,20.37112736,8,2,69.5500031,Southampton,Mr,0
0,3rd,male,20.37112736,8,2,69.5500031,Southampton,Mr,0
0,3rd,male,38.5462127,1,9,69.5500031,Southampton,Mr,0
0,3rd,female,41.0373569,1,9,69.5500031,Southampton,Mrs,0
0,3rd,male,24.40057284,2,0,21.6791992,Cherbourg,Mr,0
0,3rd,male,24.40057284,2,0,21.6791992,Cherbourg,Mr,0
0,3rd,male,24.40057284,2,0,21.6791992,Cherbourg,Mr,0
0,1st,male,43.56097659,0,0,26.5499992,Southampton,Mr,1
0,3rd,male,30.2923353,0,0,7.7249999,Queenstown,Mr,1
0,3rd,male,28.3087214,0,0,7.89580011,Southampton,Mr,1
0,3rd,male,32.89787305,0,0,7.75,Queenstown,Mr,1
0,3rd,male,29.70321061,0,0,15.1000004,Southampton,Mr,1
1,3rd,female,24.42540946,0,0,7.77920008,Queenstown,Miss,1
0,3rd,male,28.42425189,0,0,8.05000019,Southampton,Mr,1
0,3rd,male,28.42425189,0,0,8.05000019,Southampton,Mr,1
0,3rd,male,28.42425189,0,0,8.05000019,Southampton,Mr,1
0,3rd,male,28.3087214,0,0,7.89580011,Southampton,Mr,1
0,3rd,male,28.42425189,0,0,8.05000019,Southampton,Mr,1
0,3rd,male,27.93408629,0,0,8.66250038,Southampton,Mr,1
0,3rd,male,32.89787305,0,0,7.75,Queenstown,Mr,1
1,3rd,female,23.75251296,0,0,7.73330021,Queenstown,Miss,1
1,1st,female,38.95678374,1,0,133.649994,Southampton,Mrs,0
0,3rd,male,28.42425189,0,0,8.05000019,Southampton,Mr,1
0,3rd,male,28.3087214,0,0,7.89580011,Southampton,Mr,1
0,3rd,male,25.0190534,1,0,6.4375,Cherbourg,Mr,0
0,3rd,male,29.88004539,0,0,6.4375,Cherbourg,Mr,1
0,3rd,male,28.01836642,0,0,7.2249999,Cherbourg,Mr,1
0,3rd,male,28.42425189,0,0,8.05000019,Southampton,Mr,1
0,3rd,male,29.30449648,1,0,16.1000004,Southampton,Mr,0
1,3rd,female,29.62030126,1,0,16.1000004,Southampton,Mrs,0
0,3rd,male,32.89787305,0,0,7.75,Queenstown,Mr,1
0,3rd,male,28.3087214,0,0,7.89580011,Southampton,Mr,1
0,3rd,male,27.82006172,0,0,7.22919989,Cherbourg,Mr,1
0,3rd,male,27.82006172,0,0,7.22919989,Cherbourg,Mr,1
0,1st,male,41.0031911,0,0,0,Southampton,Mr,1
0,3rd,male,6.293882524,1,1,14.5,Southampton,Master,0
0,3rd,male,27.97228133,0,0,9.5,Southampton,Mr,1
0,3rd,male,28.42425189,0,0,8.05000019,Southampton,Mr,1
0,3rd,male,28.85594301,0,0,7.55000019,Southampton,Mr,1
0,3rd,male,28.42425189,0,0,8.05000019,Southampton,Mr,1
0,3rd,male,27.93621962,0,0,8.71249962,Southampton,Mr,1
0,3rd,male,28.85594301,0,0,7.55000019,Southampton,Mr,1
0,3rd,male,28.42425189,0,0,8.05000019,Southampton,Mr,1
0,3rd,male,28.96514966,0,0,7.25,Southampton,Mr,1
0,3rd,male,28.01836642,0,0,7.2249999,Cherbourg,Mr,1
0,3rd,male,27.22598898,0,0,14.4582996,Cherbourg,Mr,1
0,3rd,female,18.33951678,1,0,14.4541998,Cherbourg,Miss,0
1,1st,female,37.40417954,1,0,89.1042023,Cherbourg,Mrs,0
0,1st,male,41.65018865,0,0,42.4000015,Southampton,Mr,1
1,1st,male,43.81698257,0,0,30,Southampton,Mr,1
0,1st,male,41.30166369,0,0,51.8624992,Southampton,Mr,1
0,1st,male,43.12935852,0,0,25.9249992,Southampton,Mr,1
0,1st,male,42.60466645,0,0,30.6958008,Cherbourg,Mr,1
1,1st,female,38.60905536,1,0,51.8624992,Southampton,Mrs,0
0,1st,male,43.56097659,0,0,26.5499992,Southampton,Mr,1
0,1st,male,39.90609385,0,0,27.7208004,Cherbourg,Mr,1
1,1st,male,41.42749058,0,0,29.7000008,Cherbourg,Mr,1
1,1st,female,39.00751392,1,0,82.1707993,Cherbourg,Mrs,0
1,1st,male,38.88355052,0,0,25.7416992,Cherbourg,Mr,1
0,1st,male,41.0031911,0,0,0,Southampton,Mr,1
1,1st,male,41.95579549,0,0,39.5999985,Southampton,Mr,1
0,1st,male,36.69019269,0,0,227.524994,Cherbourg,Mr,1
0,1st,male,41.85672486,0,0,50,Southampton,Mr,1
1,1st,male,43.51905443,0,0,30.5,Southampton,Mr,1
1,1st,male,43.10235476,0,0,26,Southampton,Mr,1
0,1st,male,43.10235476,0,0,26,Southampton,Mr,1
1,1st,female,36.09832203,1,0,146.520798,Cherbourg,Mrs,0
0,1st,male,39.90609385,0,0,27.7208004,Cherbourg,Mr,1
1,1st,female,38.00279485,1,0,52,Southampton,Mrs,0
1,1st,female,47.90020605,0,0,79.1999969,Cherbourg,Mrs,1
0,1st,male,43.28182302,0,0,35,Southampton,Mr,1
1,1st,male,42.54557367,0,0,35.5,Southampton,Mr,1
0,2nd,male,34.58418323,0,0,0,Southampton,Mr,1
1,1st,male,43.56097659,0,0,26.5499992,Southampton,Mr,1
0,2nd,female,34.19675895,0,0,21,Southampton,Mrs,1
0,2nd,male,34.58418323,0,0,0,Southampton,Mr,1
0,1st,male,41.16587908,0,0,39.5999985,Cherbourg,Dr,1
0,2nd,male,34.58418323,0,0,0,Southampton,Mr,1
0,1st,male,43.73572026,0,0,31,Southampton,Mr,1
1,2nd,female,29.24878255,0,0,12.3500004,Queenstown,Miss,1
0,2nd,male,34.58418323,0,0,0,Southampton,Mr,1
0,2nd,male,41.25148568,0,0,10.7082996,Queenstown,Mr,1
1,2nd,female,25.97566886,0,0,33,Southampton,Miss,1
0,2nd,male,30.61283728,0,0,15.0458002,Cherbourg,Mr,1
0,2nd,male,30.56170827,0,0,15.5791998,Cherbourg,Mr,1
1,2nd,male,30.05815533,0,0,13.8625002,Cherbourg,Mr,1
0,2nd,male,34.58418323,0,0,0,Southampton,Mr,1
0,2nd,male,30.61283728,0,0,15.0500002,Cherbourg,Mr,1
0,2nd,male,34.58418323,0,0,0,Southampton,Mr,1
0,2nd,male,32.070393,0,0,12.875,Southampton,Mr,1
1,2nd,male,32.0480892,0,0,13,Southampton,Mr,1
1,1st,female,47.17070998,0,0,27.7208004,Cherbourg,Mrs,1
0,3rd,male,18.51650494,0,0,7.22919989,Cherbourg,Master,1
0,3rd,male,28.01836642,0,0,7.2249999,Cherbourg,Mr,1
0,3rd,female,28.98645715,0,2,15.2458,Cherbourg,Mrs,0
0,3rd,female,13.83061943,0,2,7.75,Queenstown,Miss,0
1,1st,female,42.40982186,0,1,55,Southampton,Mrs,0
0,3rd,male,25.10719569,1,0,14.4582996,Cherbourg,Mr,0
0,3rd,female,23.84423377,1,0,14.4582996,Cherbourg,Mrs,0
0,1st,male,41.0031911,0,0,0,Southampton,Mr,1
0,1st,male,40.78751921,0,0,52,Southampton,Mr,1
0,3rd,male,29.30449648,1,0,16.1000004,Southampton,Mr,0
1,3rd,female,29.62030126,1,0,16.1000004,Southampton,Mrs,0
0,3rd,male,28.3087214,0,0,7.89580011,Southampton,Mr,1
0,3rd,male,28.3087214,0,0,7.89580011,Southampton,Mr,1
0,3rd,male,27.82006172,0,0,7.22919989,Cherbourg,Mr,1
0,3rd,male,28.01836642,0,0,7.2249999,Cherbourg,Mr,1
0,3rd,male,28.01836642,0,0,7.2249999,Cherbourg,Mr,1
1,3rd,male,29.1772649,0,0,7.05000019,Southampton,Mr,1
0,3rd,female,24.64178708,0,0,7.75,Queenstown,Miss,1
0,3rd,male,32.89787305,0,0,7.75,Queenstown,Mr,1
0,3rd,male,30.11999293,0,0,6.94999981,Queenstown,Mr,1
0,3rd,male,32.89787305,0,0,7.75,Queenstown,Mr,1
1,3rd,male,30.82150529,0,0,56.4958,Southampton,Mr,1
0,3rd,male,28.42425189,0,0,8.05000019,Southampton,Mr,1
0,1st,male,43.56097659,0,0,26.5499992,Southampton,Mr,1
0,3rd,male,32.89787305,0,0,7.75,Queenstown,Mr,1
0,3rd,male,28.96514966,0,0,7.25,Southampton,Mr,1
0,3rd,male,29.45705419,0,0,14.5,Southampton,Mr,1
0,3rd,male,28.40033668,0,0,7.89580011,Cherbourg,Mr,1
1,3rd,female,24.64178708,0,0,7.75,Queenstown,Miss,1
0,3rd,male,28.42425189,0,0,8.05000019,Southampton,Mr,1
0,3rd,male,28.52003877,1,0,19.9666996,Southampton,Mr,0
0,3rd,male,28.52003877,1,0,19.9666996,Southampton,Mr,0
0,3rd,female,23.96340735,0,0,7.55000019,Southampton,Miss,1
0,3rd,male,30.07290833,0,0,6.85830021,Queenstown,Mr,1
1,3rd,female,24.64178708,0,0,7.75,Queenstown,Miss,1
1,3rd,male,30.82150529,0,0,56.4958,Southampton,Mr,1
0,3rd,female,24.64178708,0,0,7.75,Queenstown,Miss,1
0,3rd,male,32.89787305,0,0,7.75,Queenstown,Mr,1
1,3rd,female,24.53010458,0,0,8.05000019,Southampton,Miss,1
1,3rd,male,28.29388579,0,0,7.88749981,Southampton,Mr,1
0,3rd,male,28.3087214,0,0,7.89580011,Southampton,Mr,1
0,3rd,male,28.3087214,0,0,7.89580011,Southampton,Mr,1
0,3rd,male,29.1772649,0,0,7.05000019,Southampton,Mr,1
1,3rd,female,24.64178708,0,0,7.75,Queenstown,Miss,1
1,3rd,male,28.11418894,0,0,8.11250019,Southampton,Mr,1
0,3rd,male,6.416285906,1,2,23.4500008,Southampton,Master,0
0,3rd,female,7.93791932,1,2,23.4500008,Southampton,Miss,0
0,3rd,male,29.42471059,1,2,23.4500008,Southampton,Mr,0
0,3rd,female,31.51522876,1,2,23.4500008,Southampton,Mrs,0
0,3rd,male,27.82006172,0,0,7.22919989,Cherbourg,Mr,1
0,3rd,male,32.89787305,0,0,7.75,Queenstown,Mr,1
0,3rd,male,28.96514966,0,0,7.25,Southampton,Mr,1
1,3rd,female,24.64178708,0,0,7.75,Queenstown,Miss,1
1,3rd,female,24.64178708,0,0,7.75,Queenstown,Miss,1
1,3rd,male,32.89787305,0,0,7.75,Queenstown,Mr,1
0,3rd,male,25.11002903,1,0,14.4541998,Cherbourg,Mr,0
0,3rd,female,23.84123377,1,0,14.4541998,Cherbourg,Mrs,0
0,3rd,male,28.71780659,1,0,7.75,Queenstown,Mr,0
0,3rd,male,28.71780659,1,0,7.75,Queenstown,Mr,0
0,3rd,male,30.2923353,0,0,7.73750019,Queenstown,Mr,1
0,3rd,male,28.40033668,0,0,7.89580011,Cherbourg,Mr,1
0,3rd,male,28.01836642,0,0,7.2249999,Cherbourg,Mr,1
0,3rd,male,28.3087214,0,0,7.89580011,Southampton,Mr,1
1,3rd,male,30.82150529,0,0,56.4958,Southampton,Mr,1
0,3rd,male,30.82150529,0,0,56.4958,Southampton,Mr,1
0,3rd,male,32.89787305,0,0,7.75,Queenstown,Mr,1
0,3rd,male,6.156919623,3,1,25.4666996,Southampton,Master,0
0,3rd,female,8.030947356,3,1,25.4666996,Southampton,Miss,0
0,3rd,female,8.030947356,3,1,25.4666996,Southampton,Miss,0
0,3rd,female,8.030947356,3,1,25.4666996,Southampton,Miss,0
0,3rd,female,37.02816445,0,4,25.4666996,Southampton,Mrs,0
0,3rd,female,19.46062963,1,0,15.5,Queenstown,Miss,0
0,3rd,male,32.63490067,1,0,15.5,Queenstown,Mr,0
0,3rd,male,31.57560988,0,0,7.87919998,Queenstown,Mr,1
0,3rd,male,28.85594301,0,0,7.55000019,Southampton,Mr,1
0,3rd,male,28.29539245,0,0,7.87919998,Southampton,Mr,1
0,3rd,male,28.3087214,0,0,7.89580011,Southampton,Mr,1
0,3rd,male,28.85594301,0,0,7.55000019,Southampton,Mr,1
1,3rd,female,24.64178708,0,0,7.75,Queenstown,Miss,1
0,3rd,female,24.21327665,0,0,7.87919998,Queenstown,Miss,1
0,3rd,male,32.89787305,0,0,7.75,Queenstown,Mr,1
0,3rd,male,28.42425189,0,0,8.05000019,Southampton,Mr,1
1,3rd,male,27.82006172,0,0,7.22919989,Cherbourg,Mr,1
1,3rd,female,23.78620038,0,0,7.73750019,Queenstown,Miss,1
0,3rd,male,27.82006172,0,0,7.22919989,Cherbourg,Mr,1
1,3rd,female,33.21154155,0,0,7.2249999,Cherbourg,Mrs,1
0,3rd,male,28.40033668,0,0,7.89580011,Cherbourg,Mr,1
1,1st,female,29,0,0,211.337494,Southampton,Miss,1
0,1st,male,71,0,0,49.5042,Cherbourg,Mr,1
1,1st,female,48,1,0,39.5999985,Cherbourg,Lady,0
1,3rd,female,15,0,0,8.0291996,Queenstown,Miss,1
0,3rd,female,35,0,0,7.75,Queenstown,Miss,1
1,1st,male,49,1,0,56.9291992,Cherbourg,Sir,0
0,3rd,male,24,1,0,16.1000004,Southampton,Mr,0
0,3rd,female,19,1,0,16.1000004,Southampton,Mrs,0
0,3rd,male,55.5,0,0,8.05000019,Southampton,Mr,1
1,3rd,male,21,0,0,7.7750001,Southampton,Mr,1
0,1st,male,39,0,0,29.7000008,Cherbourg,Mr,1
0,3rd,male,24,0,0,7.89580011,Southampton,Mr,1
0,3rd,male,21,0,0,7.89580011,Southampton,Mr,1
0,3rd,male,28,0,0,7.89580011,Southampton,Mr,1
0,3rd,male,25,0,0,7.6500001,Southampton,Mr,1
1,3rd,male,6,0,1,12.4750004,Southampton,Master,0
1,3rd,female,27,0,1,12.4750004,Southampton,Mrs,0
1,1st,female,23,0,1,83.1583023,Cherbourg,Mrs,0
0,3rd,male,34,0,0,8.05000019,Southampton,Mr,1
1,1st,female,38,0,0,227.524994,Cherbourg,Miss,1
1,3rd,female,24,0,0,7.75,Queenstown,Miss,1
0,3rd,male,18,0,0,7.75,Southampton,Mr,1
0,3rd,male,22,0,0,7.89580011,Southampton,Mr,1
1,3rd,female,15,0,0,7.2249999,Cherbourg,Miss,1
1,3rd,female,1,0,2,15.7417002,Cherbourg,Miss,0
1,1st,female,54,1,0,78.2667007,Cherbourg,Miss,0
1,3rd,male,20,1,1,15.7417002,Cherbourg,Mr,0
1,3rd,female,19,1,1,15.7417002,Cherbourg,Mrs,0
0,3rd,male,33,0,0,8.05000019,Southampton,Mr,1
1,3rd,male,12,1,0,11.2417002,Cherbourg,Master,0
1,3rd,female,14,1,0,11.2417002,Cherbourg,Miss,0
0,3rd,female,29,0,0,7.92500019,Southampton,Miss,1
0,1st,female,36,0,0,31.6791992,Cherbourg,Miss,1
0,3rd,male,28,0,0,8.05000019,Southampton,Mr,1
1,3rd,female,18,0,0,7.7750001,Southampton,Miss,1
1,3rd,female,26,0,0,7.85419989,Southampton,Miss,1
0,3rd,male,21,0,0,7.85419989,Southampton,Mr,1
0,3rd,male,41,0,0,7.125,Southampton,Mr,1
1,3rd,male,39,0,0,7.92500019,Southampton,Mr,1
0,3rd,male,21,0,0,7.80000019,Southampton,Mr,1
0,3rd,male,28.5,0,0,7.22919989,Cherbourg,Mr,1
1,3rd,female,22,0,0,7.75,Southampton,Miss,1
0,3rd,male,61,0,0,6.23750019,Southampton,Mr,1
0,3rd,male,23,0,0,9.22500038,Southampton,Mr,1
1,3rd,female,22,0,0,7.7750001,Southampton,Miss,1
1,3rd,male,9,0,1,3.17079997,Southampton,Master,0
0,3rd,male,28,0,0,22.5249996,Southampton,Mr,1
0,3rd,male,42,0,1,8.4041996,Southampton,Mr,0
0,3rd,female,31,0,0,7.85419989,Southampton,Miss,1
0,3rd,male,28,0,0,7.85419989,Southampton,Mr,1
1,3rd,male,32,0,0,7.7750001,Southampton,Mr,1
0,3rd,male,20,0,0,9.22500038,Southampton,Mr,1
0,3rd,female,23,0,0,8.66250038,Southampton,Miss,1
0,3rd,female,20,0,0,8.66250038,Southampton,Miss,1
0,3rd,male,20,0,0,8.66250038,Southampton,Mr,1
0,3rd,male,16,0,0,9.2166996,Southampton,Mr,1
1,3rd,female,31,0,0,8.68330002,Southampton,Mrs,1
0,3rd,male,2,3,1,21.0750008,Southampton,Master,0
0,3rd,male,6,3,1,21.0750008,Southampton,Master,0
0,3rd,female,3,3,1,21.0750008,Southampton,Miss,0
0,1st,male,47,1,0,227.524994,Cherbourg,Col,0
1,1st,male,36,0,0,26.3875008,Southampton,Mr,1
0,3rd,female,8,3,1,21.0750008,Southampton,Miss,0
0,3rd,female,29,0,4,21.0750008,Southampton,Mrs,0
0,3rd,male,1,4,1,39.6875,Southampton,Master,0
0,3rd,male,7,4,1,39.6875,Southampton,Master,0
0,3rd,male,2,4,1,39.6875,Southampton,Master,0
0,3rd,male,16,4,1,39.6875,Southampton,Mr,0
0,3rd,male,14,4,1,39.6875,Southampton,Mr,0
0,3rd,female,41,0,5,39.6875,Southampton,Mrs,0
0,3rd,male,21,0,0,8.66250038,Southampton,Mr,1
0,3rd,male,19,0,0,14.5,Southampton,Mr,1
0,1st,male,30,0,0,27.75,Cherbourg,Mr,1
0,3rd,male,32,0,0,7.89580011,Southampton,Mr,1
0,3rd,male,0.75,1,1,13.7749996,Southampton,Master,0
0,3rd,female,3,1,1,13.7749996,Southampton,Miss,0
0,3rd,female,26,0,2,13.7749996,Southampton,Mrs,0
0,3rd,male,21,0,0,7.92500019,Southampton,Mr,1
0,3rd,male,25,0,0,7.92500019,Southampton,Mr,1
1,1st,female,24,3,2,263,Southampton,Miss,0
0,3rd,male,22,0,0,7.25,Southampton,Mr,1
1,3rd,male,25,1,0,7.7750001,Southampton,Mr,0
0,3rd,male,24,0,0,8.05000019,Southampton,Mr,1
0,3rd,female,28,0,0,7.89580011,Southampton,Miss,1
0,3rd,male,19,0,0,7.89580011,Southampton,Mr,1
1,1st,female,28,3,2,263,Southampton,Miss,0
0,3rd,male,25,1,0,7.7750001,Southampton,Mr,0
0,3rd,female,18,0,0,7.7750001,Southampton,Miss,1
1,3rd,male,32,0,0,8.05000019,Southampton,Mr,1
0,3rd,male,17,0,0,8.66250038,Southampton,Mr,1
0,3rd,male,24,0,0,8.66250038,Southampton,Mr,1
1,1st,female,23,3,2,263,Southampton,Miss,0
0,3rd,male,38,0,0,7.89580011,Southampton,Mr,1
0,3rd,male,21,0,0,8.05000019,Southampton,Mr,1
0,3rd,male,10,4,1,29.125,Queenstown,Master,0
0,3rd,male,4,4,1,29.125,Queenstown,Master,0
0,3rd,male,7,4,1,29.125,Queenstown,Master,0
0,3rd,male,2,4,1,29.125,Queenstown,Master,0
0,3rd,male,8,4,1,29.125,Queenstown,Master,0
0,3rd,female,39,0,5,29.125,Queenstown,Mrs,0
0,3rd,female,22,0,0,39.6875,Southampton,Miss,1
0,3rd,male,35,0,0,7.125,Southampton,Mr,1
0,1st,male,19,3,2,263,Southampton,Mr,0
0,3rd,male,50,1,0,14.5,Southampton,Mr,0
0,3rd,female,47,1,0,14.5,Southampton,Mrs,0
0,3rd,female,2,1,1,20.2124996,Southampton,Miss,0
0,3rd,male,18,1,1,20.2124996,Southampton,Mr,0
0,3rd,female,41,0,2,20.2124996,Southampton,Mrs,0
0,1st,male,64,1,4,263,Southampton,Mr,0
0,3rd,male,50,0,0,8.05000019,Southampton,Mr,1
0,3rd,male,16,0,0,8.05000019,Southampton,Mr,1
0,3rd,male,25,0,0,7.2249999,Cherbourg,Mr,1
1,1st,female,60,1,4,263,Southampton,Mrs,0
0,3rd,male,38.5,0,0,7.25,Southampton,Mr,1
0,3rd,male,14.5,8,2,69.5500031,Southampton,Master,0
1,1st,female,30,0,0,56.9291992,Cherbourg,Miss,1
0,3rd,male,24,0,0,9.32499981,Southampton,Mr,1
1,3rd,female,21,0,0,7.6500001,Southampton,Miss,1
0,3rd,male,39,0,0,7.92500019,Southampton,Mr,1
1,3rd,female,1,1,1,16.7000008,Southampton,Miss,0
1,3rd,female,24,0,2,16.7000008,Southampton,Mrs,0
1,3rd,female,4,1,1,16.7000008,Southampton,Miss,0
1,3rd,male,25,0,0,9.5,Southampton,Mr,1
0,3rd,male,20,0,0,8.05000019,Southampton,Mr,1
0,3rd,male,24.5,0,0,8.05000019,Southampton,Mr,1
1,3rd,male,29,0,0,9.5,Southampton,Mr,1
1,1st,female,18,1,0,227.524994,Cherbourg,Mrs,0
1,1st,male,50,2,0,133.649994,Southampton,Dr,0
0,3rd,male,22,0,0,7.22919989,Cherbourg,Mr,1
0,3rd,male,40,0,0,7.89580011,Southampton,Mr,1
0,3rd,male,21,0,0,7.92500019,Southampton,Mr,1
1,3rd,female,18,0,0,7.49580002,Southampton,Miss,1
0,3rd,male,4,3,2,27.8999996,Southampton,Master,0
0,3rd,male,10,3,2,27.8999996,Southampton,Master,0
0,3rd,female,9,3,2,27.8999996,Southampton,Miss,0
1,1st,male,43,1,0,27.7208004,Cherbourg,Mr,0
0,3rd,female,2,3,2,27.8999996,Southampton,Miss,0
0,3rd,male,40,1,4,27.8999996,Southampton,Mr,0
0,3rd,female,45,1,4,27.8999996,Southampton,Mrs,0
0,3rd,male,19,0,0,7.6500001,Southampton,Mr,1
0,3rd,male,30,0,0,8.05000019,Southampton,Mr,1
0,3rd,male,32,0,0,8.05000019,Southampton,Mr,1
0,3rd,male,33,0,0,8.66250038,Cherbourg,Mr,1
1,3rd,female,23,0,0,7.55000019,Southampton,Miss,1
0,3rd,male,21,0,0,8.05000019,Southampton,Mr,1
0,3rd,male,60.5,0,0,33.29547939,Southampton,Mr,1
0,3rd,male,19,0,0,7.89580011,Southampton,Mr,1
0,3rd,female,22,0,0,9.83749962,Southampton,Miss,1
1,3rd,male,31,0,0,7.92500019,Southampton,Mr,1
1,1st,female,22,0,2,49.5,Cherbourg,Miss,0
0,3rd,male,27,0,0,8.66250038,Southampton,Mr,1
0,3rd,female,2,0,1,10.4624996,Southampton,Miss,0
0,3rd,female,29,1,1,10.4624996,Southampton,Mrs,0
1,3rd,male,16,0,0,8.05000019,Southampton,Mr,1
1,3rd,male,44,0,0,7.92500019,Southampton,Mr,1
0,3rd,male,25,0,0,7.05000019,Southampton,Mr,1
0,3rd,male,74,0,0,7.7750001,Southampton,Mr,1
1,3rd,male,14,0,0,9.22500038,Southampton,Mr,1
0,3rd,male,24,0,0,7.79580021,Southampton,Mr,1
1,3rd,male,25,0,0,7.79580021,Southampton,Mr,1
1,1st,male,60,1,1,79.1999969,Cherbourg,Mr,0
0,3rd,male,34,0,0,8.05000019,Southampton,Mr,1
1,3rd,male,0.416700006,0,1,8.51669979,Cherbourg,Master,0
1,3rd,female,16,1,1,8.51669979,Cherbourg,Mrs,0
0,3rd,male,32,0,0,7.92500019,Southampton,Mr,1
1,1st,female,48,1,1,79.1999969,Cherbourg,Mrs,0
0,3rd,male,30.5,0,0,8.05000019,Southampton,Mr,1
0,3rd,male,44,0,0,8.05000019,Southampton,Mr,1
1,3rd,male,25,0,0,0,Southampton,Mr,1
1,3rd,male,7,1,1,15.2458,Cherbourg,Master,0
1,3rd,female,9,1,1,15.2458,Cherbourg,Miss,0
1,3rd,female,29,0,2,15.2458,Cherbourg,Mrs,0
0,3rd,male,36,0,0,7.89580011,Southampton,Mr,1
1,3rd,female,18,0,0,9.8416996,Southampton,Miss,1
1,3rd,female,63,0,0,9.58749962,Southampton,Mrs,1
0,3rd,male,11.5,1,1,14.5,Southampton,Master,0
0,3rd,male,40.5,0,2,14.5,Southampton,Mr,0
0,3rd,female,10,0,2,24.1499996,Southampton,Miss,0
0,3rd,male,36,1,1,24.1499996,Southampton,Mr,0
0,3rd,female,30,1,1,24.1499996,Southampton,Mrs,0
0,1st,male,37,1,0,53.0999985,Southampton,Mr,0
0,3rd,male,33,0,0,9.5,Southampton,Mr,1
0,3rd,male,28,0,0,9.5,Southampton,Mr,1
0,3rd,male,28,0,0,9.5,Southampton,Mr,1
0,3rd,male,47,0,0,9,Southampton,Mr,1
0,3rd,female,18,2,0,18,Southampton,Miss,0
0,3rd,male,31,3,0,18,Southampton,Mr,0
0,3rd,male,16,2,0,18,Southampton,Mr,0
0,3rd,female,31,1,0,18,Southampton,Mrs,0
1,3rd,male,22,0,0,7.2249999,Cherbourg,Mr,1
0,3rd,male,20,0,0,7.85419989,Southampton,Mr,1
1,1st,female,35,1,0,53.0999985,Southampton,Mrs,0
0,3rd,female,14,0,0,7.85419989,Southampton,Miss,1
0,3rd,male,22,0,0,7.89580011,Southampton,Mr,1
0,3rd,male,22,0,0,9,Southampton,Mr,1
0,3rd,male,32.5,0,0,9.5,Southampton,Mr,1
1,3rd,female,38,0,0,7.22919989,Cherbourg,Mrs,1
0,3rd,male,51,0,0,7.75,Southampton,Mr,1
0,3rd,male,18,1,0,6.49580002,Southampton,Mr,0
0,1st,male,47,0,0,38.5,Southampton,Mr,1
0,3rd,male,21,1,0,6.49580002,Southampton,Mr,0
1,3rd,female,47,1,0,7,Southampton,Mrs,0
0,3rd,male,28.5,0,0,16.1000004,Southampton,Mr,1
0,3rd,male,21,0,0,7.25,Southampton,Mr,1
0,3rd,male,27,0,0,8.66250038,Southampton,Mr,1
0,3rd,male,36,0,0,9.5,Southampton,Mr,1
1,1st,female,24,0,0,69.3000031,Cherbourg,Mme,1
1,1st,female,35,0,0,211.5,Cherbourg,Miss,1
0,3rd,male,27,1,0,14.4541998,Cherbourg,Mr,0
1,3rd,female,15,1,0,14.4541998,Cherbourg,Mrs,0
0,3rd,male,45.5,0,0,7.2249999,Cherbourg,Mr,1
0,3rd,female,14.5,1,0,14.4541998,Cherbourg,Miss,0
0,3rd,male,26.5,0,0,7.2249999,Cherbourg,Mr,1
0,3rd,male,27,0,0,7.2249999,Cherbourg,Mr,1
0,3rd,male,29,0,0,7.875,Southampton,Mr,1
1,1st,female,22,0,1,59.4000015,Cherbourg,Miss,0
1,1st,female,45,0,1,59.4000015,Cherbourg,Mrs,0
0,1st,male,24,0,0,79.1999969,Cherbourg,Mr,1
1,1st,male,49,1,0,89.1042023,Cherbourg,Mr,0
0,1st,male,71,0,0,34.6542015,Cherbourg,Mr,1
1,1st,male,53,0,0,28.5,Cherbourg,Col,1
1,1st,female,19,0,0,30,Southampton,Miss,1
0,1st,male,38,0,1,153.462494,Southampton,Mr,0
1,1st,female,26,0,0,78.8499985,Southampton,Miss,1
1,1st,female,58,0,1,153.462494,Southampton,Mrs,0
1,1st,male,23,0,1,63.3582993,Cherbourg,Mr,0
1,1st,female,45,0,1,63.3582993,Cherbourg,Mrs,0
0,1st,male,46,0,0,79.1999969,Cherbourg,Mr,1
1,1st,male,25,1,0,55.4417,Cherbourg,Mr,0
1,1st,female,25,1,0,55.4417,Cherbourg,Mrs,0
1,1st,male,48,1,0,76.7292023,Cherbourg,Mr,0
1,1st,female,49,1,0,76.7292023,Cherbourg,Mrs,0
0,1st,male,45,1,0,83.4749985,Southampton,Mr,0
1,1st,male,80,0,0,30,Southampton,Mr,1
1,1st,female,35,1,0,83.4749985,Southampton,Mrs,0
0,1st,male,40,0,0,0,Southampton,Mr,1
1,1st,male,27,0,0,76.7292023,Cherbourg,Mr,1
1,1st,female,24,0,0,83.1583023,Cherbourg,Miss,1
0,1st,male,55,1,1,93.5,Southampton,Mr,0
1,1st,female,52,1,1,93.5,Southampton,Mrs,0
0,1st,male,42,0,0,42.5,Southampton,Mr,1
0,1st,male,55,0,0,50,Southampton,Mr,1
1,1st,female,16,0,1,57.9791985,Cherbourg,Miss,0
1,1st,female,44,0,1,57.9791985,Cherbourg,Mrs,0
1,1st,female,51,1,0,77.9582977,Southampton,Mrs,0
0,1st,male,42,1,0,52,Southampton,Mr,0
1,1st,female,35,1,0,52,Southampton,Mrs,0
1,1st,male,35,0,0,26.5499992,Cherbourg,Mr,1
1,1st,male,38,1,0,90,Southampton,Mr,0
1,1st,female,35,1,0,90,Southampton,Mrs,0
1,1st,female,38,0,0,80,Southampton,Miss,1
0,1st,male,24,0,1,247.520798,Cherbourg,Mr,0
0,1st,female,50,0,0,28.7124996,Cherbourg,Miss,1
1,1st,male,49,0,0,0,Southampton,Mr,1
0,1st,male,46,0,0,26,Southampton,Mr,1
0,1st,male,50,0,0,26,Southampton,Mr,1
0,1st,male,32.5,0,0,211.5,Cherbourg,Mr,1
0,1st,male,58,0,0,29.7000008,Cherbourg,Mr,1
0,1st,male,41,1,0,51.8624992,Southampton,Mr,0
1,1st,male,42,1,0,52.5541992,Southampton,Mr,0
1,1st,female,45,1,0,52.5541992,Southampton,Mrs,0
1,1st,female,50,0,1,247.520798,Cherbourg,Mrs,0
1,1st,female,39,0,0,211.337494,Southampton,Miss,1
1,1st,female,49,0,0,25.9291992,Southampton,Dr,1
1,1st,female,30,0,0,106.425003,Cherbourg,Miss,1
1,1st,male,35,0,0,512.329224,Cherbourg,Mr,1
0,1st,male,42,0,0,26.5499992,Southampton,Mr,1
1,1st,female,55,0,0,27.7208004,Cherbourg,Mrs,1
1,1st,female,16,0,1,39.4000015,Southampton,Miss,0
1,1st,female,51,0,1,39.4000015,Southampton,Mrs,0
1,1st,female,32,0,0,76.2917023,Cherbourg,Miss,1
0,1st,male,29,0,0,30,Southampton,Mr,1
1,1st,female,21,0,0,77.9582977,Southampton,Miss,1
0,1st,male,30,0,0,45.5,Southampton,Mr,1
1,1st,female,58,0,0,146.520798,Cherbourg,Miss,1
1,1st,female,15,0,1,211.337494,Southampton,Miss,0
0,1st,male,30,0,0,26,Southampton,Mr,1
1,1st,female,16,0,0,86.5,Southampton,Miss,1
0,1st,male,19,1,0,53.0999985,Southampton,Mr,0
1,1st,female,18,1,0,53.0999985,Southampton,Mrs,0
1,1st,male,0.916700006,1,2,151.550003,Southampton,Master,0
0,1st,male,36,0,0,75.2416992,Cherbourg,Mr,1
1,1st,female,24,0,0,49.5042,Cherbourg,Mlle,1
0,1st,male,46,0,0,75.2416992,Cherbourg,Mr,1
0,1st,male,54,0,0,51.8624992,Southampton,Mr,1
1,1st,male,36,0,0,26.2875004,Southampton,Mr,1
0,1st,male,28,1,0,82.1707993,Cherbourg,Mr,0
0,1st,male,65,0,0,26.5499992,Southampton,Mr,1
0,1st,male,44,2,0,90,Queenstown,Dr,0
1,1st,female,33,1,0,90,Queenstown,Miss,0
1,1st,female,37,1,0,90,Queenstown,Mrs,0
1,1st,male,37,1,1,52.5541992,Southampton,Mr,0
1,1st,male,30,1,0,57.75,Cherbourg,Mr,0
0,1st,male,55,0,0,30.5,Southampton,Mr,1
0,1st,male,47,0,0,42.4000015,Southampton,Mr,1
0,1st,male,37,0,1,29.7000008,Cherbourg,Mr,0
1,1st,female,31,1,0,113.275002,Cherbourg,Miss,0
1,1st,female,23,1,0,113.275002,Cherbourg,Miss,0
0,1st,male,58,0,2,113.275002,Cherbourg,Mr,0
1,1st,female,19,0,2,26.2833004,Southampton,Miss,0
0,1st,male,64,0,0,26,Southampton,Mr,1
1,1st,female,39,0,0,108.900002,Cherbourg,Dona,1
1,1st,female,47,1,1,52.5541992,Southampton,Mrs,0
1,1st,female,22,0,1,61.9791985,Cherbourg,Miss,0
0,1st,male,65,0,1,61.9791985,Cherbourg,Mr,0
0,1st,male,28.5,0,0,27.7208004,Cherbourg,Mr,1
0,1st,male,45.5,0,0,28.5,Southampton,Mr,1
0,1st,male,23,0,0,93.5,Southampton,Mr,1
0,1st,male,29,1,0,66.5999985,Southampton,Mr,0
1,1st,female,22,1,0,66.5999985,Southampton,Mrs,0
0,1st,male,18,1,0,108.900002,Cherbourg,Mr,0
1,1st,male,26,0,0,30,Cherbourg,Mr,1
1,1st,female,17,1,0,108.900002,Cherbourg,Mrs,0
1,1st,female,30,0,0,93.5,Southampton,Miss,1
1,1st,male,52,0,0,30.5,Southampton,Major,1
0,1st,male,47,0,0,52,Southampton,Mr,1
1,1st,female,56,0,1,83.1583023,Cherbourg,Mrs,0
0,1st,male,38,0,0,0,Southampton,Jonkheer,1
0,1st,male,22,0,0,135.633301,Cherbourg,Mr,1
1,1st,female,43,0,1,211.337494,Southampton,Mrs,0
1,1st,female,42,0,0,227.524994,Cherbourg,Miss,1
0,1st,male,31,0,0,50.4958,Southampton,Mr,1
1,1st,male,45,0,0,26.5499992,Southampton,Mr,1
1,1st,female,33,0,0,27.7208004,Cherbourg,Miss,1
0,1st,male,46,0,0,79.1999969,Cherbourg,Mr,1
0,1st,male,36,0,0,40.125,Cherbourg,Mr,1
1,1st,female,33,0,0,86.5,Southampton,Countess,1
0,1st,male,55,1,0,59.4000015,Cherbourg,Mr,0
1,1st,female,54,1,0,59.4000015,Cherbourg,Mrs,0
0,1st,male,33,0,0,26.5499992,Southampton,Mr,1
1,1st,female,29,0,0,221.779205,Southampton,Miss,1
1,1st,male,13,2,2,262.375,Cherbourg,Master,0
1,1st,female,18,2,2,262.375,Cherbourg,Miss,0
1,1st,female,21,2,2,262.375,Cherbourg,Miss,0
0,1st,male,61,1,3,262.375,Cherbourg,Mr,0
1,1st,female,48,1,3,262.375,Cherbourg,Mrs,0
1,1st,female,24,0,0,69.3000031,Cherbourg,Mlle,1
1,1st,female,35,1,0,57.75,Cherbourg,Mrs,0
1,1st,female,30,0,0,31,Cherbourg,Miss,1
0,1st,male,25,0,0,26,Cherbourg,Mr,1
1,1st,male,34,0,0,26.5499992,Southampton,Mr,1
1,1st,female,40,0,0,153.462494,Southampton,Miss,1
1,1st,male,35,0,0,26.2875004,Southampton,Mr,1
0,1st,male,50,1,0,55.9000015,Southampton,Mr,0
1,1st,female,39,1,0,55.9000015,Southampton,Mrs,0
1,1st,male,56,0,0,35.5,Cherbourg,Col,1
1,1st,male,28,0,0,35.5,Southampton,Mr,1
0,1st,male,56,0,0,26.5499992,Southampton,Mr,1
0,1st,male,56,0,0,30.6958008,Cherbourg,Mr,1
0,1st,male,24,1,0,60,Southampton,Mr,0
1,1st,male,25,1,0,91.0792007,Cherbourg,Mr,0
1,1st,female,18,1,0,60,Southampton,Mrs,0
1,1st,male,24,1,0,82.2667007,Southampton,Mr,0
1,1st,female,23,1,0,82.2667007,Southampton,Mrs,0
1,1st,male,6,0,2,134.5,Cherbourg,Master,0
1,1st,male,45,1,1,134.5,Cherbourg,Mr,0
1,1st,female,40,1,1,134.5,Cherbourg,Mrs,0
0,1st,male,57,1,0,146.520798,Cherbourg,Mr,0
1,1st,male,32,0,0,30.5,Cherbourg,Dr,1
1,1st,female,19,1,0,91.0792007,Cherbourg,Mrs,0
0,1st,male,62,0,0,26.5499992,Southampton,Mr,1
1,1st,male,54,1,0,55.4417,Cherbourg,Mr,0
1,1st,female,43,1,0,55.4417,Cherbourg,Mrs,0
1,1st,female,52,1,0,78.2667007,Cherbourg,Mrs,0
1,1st,female,62,0,0,80,Southampton,Mrs,1
0,1st,male,67,1,0,221.779205,Southampton,Mr,0
0,1st,female,63,1,0,221.779205,Southampton,Mrs,0
0,1st,male,61,0,0,32.3208008,Southampton,Mr,1
1,1st,female,48,0,0,25.9291992,Southampton,Mrs,1
1,1st,female,35,0,0,135.633301,Southampton,Miss,1
1,1st,female,18,0,2,79.6500015,Southampton,Miss,0
0,1st,male,52,1,1,79.6500015,Southampton,Mr,0
1,1st,female,39,1,1,79.6500015,Southampton,Mrs,0
1,1st,male,48,1,0,52,Southampton,Mr,0
0,1st,male,49,1,1,110.883301,Cherbourg,Mr,0
1,1st,male,17,0,2,110.883301,Cherbourg,Mr,0
1,1st,female,39,1,1,110.883301,Cherbourg,Mrs,0
1,1st,male,31,0,0,28.5375004,Cherbourg,Mr,1
0,1st,female,2,1,2,151.550003,Southampton,Miss,0
1,1st,male,28,0,0,26.5499992,Southampton,Mr,1
0,1st,male,40,0,0,27.7208004,Cherbourg,Don,1
0,1st,male,61,0,0,33.5,Southampton,Mr,1
0,1st,male,47,0,0,34.0208015,Southampton,Mr,1
1,1st,female,35,0,0,512.329224,Cherbourg,Miss,1
0,1st,male,64,1,0,75.25,Cherbourg,Mr,0
1,1st,female,60,1,0,75.25,Cherbourg,Mrs,0
0,1st,male,60,0,0,26.5499992,Southampton,Col,1
0,1st,male,54,0,1,77.2874985,Southampton,Mr,0
0,1st,male,21,0,1,77.2874985,Southampton,Mr,0
1,1st,female,55,0,0,135.633301,Cherbourg,Mrs,1
0,1st,male,45,0,0,35.5,Southampton,Mr,1
1,1st,female,31,0,2,164.866699,Southampton,Miss,0
0,1st,male,57,1,1,164.866699,Southampton,Mr,0
1,1st,female,45,1,1,164.866699,Southampton,Mrs,0
0,1st,male,50,1,1,211.5,Cherbourg,Mr,0
0,1st,male,27,0,2,211.5,Cherbourg,Mr,0
1,1st,female,50,1,1,211.5,Cherbourg,Mrs,0
1,1st,female,21,0,0,26.5499992,Southampton,Miss,1
0,1st,male,51,0,1,61.3792,Cherbourg,Mr,0
1,1st,male,21,0,1,61.3792,Cherbourg,Mr,0
1,1st,male,40,0,0,31,Cherbourg,Mr,1
1,1st,female,31,0,0,134.5,Cherbourg,Miss,1
0,1st,male,62,0,0,26.5499992,Southampton,Mr,1
1,1st,female,36,0,0,135.633301,Cherbourg,Miss,1
0,2nd,male,30,1,0,24,Cherbourg,Mr,0
1,2nd,female,28,1,0,24,Cherbourg,Mrs,0
0,2nd,male,30,0,0,13,Southampton,Mr,1
0,2nd,male,18,0,0,11.5,Southampton,Mr,1
0,2nd,male,25,0,0,10.5,Southampton,Mr,1
0,2nd,male,34,1,0,26,Southampton,Mr,0
1,1st,female,30,0,0,164.866699,Southampton,Miss,1
1,2nd,female,36,1,0,26,Southampton,Mrs,0
0,2nd,male,57,0,0,13,Southampton,Mr,1
0,2nd,male,18,0,0,11.5,Southampton,Mr,1
0,2nd,male,23,0,0,10.5,Southampton,Mr,1
1,2nd,female,36,0,0,13,Southampton,Mrs,1
0,2nd,male,28,0,0,10.5,Southampton,Mr,1
0,2nd,male,51,0,0,12.5249996,Southampton,Rev,1
1,2nd,male,32,1,0,26,Southampton,Mr,0
1,2nd,female,19,1,0,26,Southampton,Mrs,0
0,2nd,male,28,0,0,26,Southampton,Mr,1
1,1st,female,58,0,0,26.5499992,Southampton,Miss,1
1,2nd,male,1,2,1,39,Southampton,Master,0
1,2nd,female,4,2,1,39,Southampton,Miss,0
1,2nd,female,12,2,1,39,Southampton,Miss,0
1,2nd,female,36,0,3,39,Southampton,Mrs,0
1,2nd,male,34,0,0,13,Southampton,Mr,1
1,2nd,female,19,0,0,13,Southampton,Miss,1
0,2nd,male,23,0,0,13,Southampton,Mr,1
0,2nd,male,26,0,0,13,Southampton,Mr,1
0,2nd,male,42,0,0,13,Southampton,Mr,1
0,2nd,male,27,0,0,13,Southampton,Mr,1
0,1st,male,42,0,0,26.5499992,Southampton,Mr,1
1,2nd,female,24,0,0,13,Southampton,Miss,1
1,2nd,female,15,0,2,39,Southampton,Miss,0
0,2nd,male,60,1,1,39,Southampton,Mr,0
1,2nd,female,40,1,1,39,Southampton,Mrs,0
1,2nd,female,20,1,0,26,Southampton,Miss,0
0,2nd,male,25,1,0,26,Southampton,Mr,0
1,2nd,female,36,0,0,13,Southampton,Miss,1
0,2nd,male,25,0,0,13,Southampton,Mr,1
0,2nd,male,42,0,0,13,Southampton,Rev,1
1,2nd,female,42,0,0,13,Southampton,Mrs,1
1,1st,female,45,0,0,262.375,Cherbourg,Miss,1
1,2nd,male,0.833299994,0,2,29,Southampton,Master,0
1,2nd,male,26,1,1,29,Southampton,Mr,0
1,2nd,female,22,1,1,29,Southampton,Mrs,0
1,2nd,female,35,0,0,21,Southampton,Miss,1
0,2nd,male,19,0,0,13,Southampton,Mr,1
0,2nd,female,44,1,0,26,Southampton,Mrs,0
0,2nd,male,54,1,0,26,Southampton,Rev,0
0,2nd,male,52,0,0,13.5,Southampton,Mr,1
0,2nd,male,37,1,0,26,Southampton,Mr,0
1,1st,female,22,0,1,55,Southampton,Miss,0
0,2nd,female,29,1,0,26,Southampton,Mrs,0
1,2nd,female,25,1,1,30,Southampton,Miss,0
1,2nd,female,45,0,2,30,Southampton,Mrs,0
0,2nd,male,29,1,0,26,Southampton,Mr,0
1,2nd,female,28,1,0,26,Southampton,Mrs,0
0,2nd,male,29,0,0,10.5,Southampton,Mr,1
0,2nd,male,28,0,0,13,Southampton,Mr,1
1,2nd,male,24,0,0,10.5,Southampton,Mr,1
1,2nd,female,8,0,2,26.25,Southampton,Miss,0
0,2nd,male,31,1,1,26.25,Southampton,Mr,0
1,2nd,female,31,1,1,26.25,Southampton,Mrs,0
1,2nd,female,22,0,0,10.5,Southampton,Mrs,1
0,2nd,female,30,0,0,13,Southampton,Mrs,1
0,2nd,male,21,0,0,11.5,Southampton,Mr,1
1,2nd,male,8,1,1,36.75,Southampton,Master,0
0,2nd,male,18,0,0,73.5,Southampton,Mr,1
1,2nd,female,48,0,2,36.75,Southampton,Mrs,0
1,2nd,female,28,0,0,13,Southampton,Miss,1
0,1st,male,41,0,0,30.5,Southampton,Mr,1
0,2nd,male,32,0,0,13,Southampton,Mr,1
0,2nd,male,17,0,0,73.5,Southampton,Mr,1
0,2nd,male,29,1,0,27.7208004,Cherbourg,Mr,0
1,2nd,female,24,1,0,27.7208004,Cherbourg,Mrs,0
0,2nd,male,25,0,0,31.5,Southampton,Mr,1
0,2nd,male,18,0,0,73.5,Southampton,Mr,1
1,2nd,female,18,0,1,23,Southampton,Miss,0
1,2nd,female,34,0,1,23,Southampton,Mrs,0
0,2nd,male,54,0,0,26,Southampton,Mr,1
1,2nd,male,8,0,2,32.5,Southampton,Master,0
0,1st,male,30,1,2,151.550003,Southampton,Mr,0
0,1st,male,48,0,0,50.4958,Cherbourg,Mr,1
0,2nd,male,42,1,1,32.5,Southampton,Mr,0
1,2nd,female,34,1,1,32.5,Southampton,Mrs,0
1,2nd,female,27,1,0,13.8583002,Cherbourg,Miss,0
1,2nd,female,30,1,0,13.8583002,Cherbourg,Miss,0
0,2nd,male,23,0,0,13,Southampton,Mr,1
0,2nd,male,21,0,0,13,Southampton,Mr,1
0,2nd,male,18,0,0,13,Southampton,Mr,1
0,2nd,male,40,1,0,26,Southampton,Mr,0
1,2nd,female,29,1,0,26,Southampton,Mrs,0
0,2nd,male,18,0,0,10.5,Southampton,Mr,1
0,2nd,male,36,0,0,13,Southampton,Mr,1
0,2nd,female,38,0,0,13,Southampton,Miss,1
0,2nd,male,35,0,0,26,Southampton,Mr,1
0,2nd,male,38,1,0,21,Southampton,Mr,0
0,2nd,male,34,1,0,21,Southampton,Mr,0
1,2nd,female,34,0,0,13,Southampton,Miss,1
0,2nd,male,16,0,0,26,Southampton,Mr,1
0,2nd,male,26,0,0,10.5,Southampton,Mr,1
0,2nd,male,47,0,0,10.5,Southampton,Mr,1
1,1st,female,44,0,0,27.7208004,Cherbourg,Mrs,1
0,2nd,male,21,1,0,11.5,Southampton,Mr,0
0,2nd,male,21,1,0,11.5,Southampton,Mr,0
0,2nd,male,24,0,0,13.5,Southampton,Mr,1
0,2nd,male,24,0,0,13,Southampton,Mr,1
0,2nd,male,34,0,0,13,Southampton,Mr,1
0,2nd,male,30,0,0,13,Southampton,Mr,1
0,2nd,male,52,0,0,13,Southampton,Mr,1
0,2nd,male,30,0,0,13,Southampton,Mr,1
1,2nd,male,0.666700006,1,1,14.5,Southampton,Master,0
1,2nd,female,24,0,2,14.5,Southampton,Mrs,0
1,1st,female,59,2,0,51.4791985,Southampton,Mrs,0
0,2nd,male,44,0,0,13,Southampton,Mr,1
1,2nd,female,6,0,1,33,Southampton,Miss,0
0,2nd,male,28,0,1,33,Southampton,Rev,0
1,2nd,male,62,0,0,10.5,Southampton,Mr,1
0,2nd,male,30,0,0,10.5,Southampton,Mr,1
1,2nd,female,7,0,2,26.25,Southampton,Miss,0
0,2nd,male,43,1,1,26.25,Southampton,Mr,0
1,2nd,female,45,1,1,26.25,Southampton,Mrs,0
1,2nd,female,24,1,2,65,Southampton,Miss,0
1,2nd,female,24,1,2,65,Southampton,Miss,0
1,1st,female,60,0,0,76.2917023,Cherbourg,Mrs,1
0,2nd,male,49,1,2,65,Southampton,Mr,0
1,2nd,female,48,1,2,65,Southampton,Mrs,0
1,2nd,female,55,0,0,16,Southampton,Mrs,1
0,2nd,male,24,2,0,73.5,Southampton,Mr,0
0,2nd,male,32,2,0,73.5,Southampton,Mr,0
0,2nd,male,21,2,0,73.5,Southampton,Mr,0
0,2nd,female,18,1,1,13,Southampton,Miss,0
1,2nd,female,20,2,1,23,Southampton,Miss,0
0,2nd,male,23,2,1,11.5,Southampton,Mr,0
0,2nd,male,36,0,0,13,Southampton,Mr,1
1,1st,female,41,0,0,134.5,Cherbourg,Miss,1
1,2nd,female,54,1,3,23,Southampton,Mrs,0
0,2nd,male,50,0,0,13,Southampton,Mr,1
0,2nd,male,44,1,0,26,Southampton,Mr,0
1,2nd,female,29,1,0,26,Southampton,Mrs,0
0,2nd,male,21,0,0,73.5,Southampton,Mr,1
1,2nd,male,42,0,0,13,Southampton,Mr,1
0,2nd,male,63,1,0,26,Southampton,Mr,0
0,2nd,female,60,1,0,26,Southampton,Mrs,0
0,2nd,male,33,0,0,12.2749996,Southampton,Mr,1
1,2nd,female,17,0,0,10.5,Southampton,Miss,1
0,1st,male,45,0,0,26.5499992,Southampton,Major,1
0,2nd,male,42,1,0,27,Southampton,Mr,0
1,2nd,female,24,2,1,27,Southampton,Mrs,0
0,2nd,male,47,0,0,15,Southampton,Mr,1
0,2nd,male,24,2,0,31.5,Southampton,Mr,0
0,2nd,male,22,2,0,31.5,Southampton,Mr,0
0,2nd,male,32,0,0,10.5,Southampton,Mr,1
1,2nd,female,23,0,0,13.7917004,Cherbourg,Mrs,1
0,2nd,male,34,1,0,26,Southampton,Mr,0
1,2nd,female,24,1,0,26,Southampton,Mrs,0
0,2nd,female,22,0,0,21,Southampton,Mrs,1
0,2nd,male,35,0,0,12.3500004,Queenstown,Mr,1
1,2nd,female,45,0,0,13.5,Southampton,Mrs,1
0,2nd,male,57,0,0,12.3500004,Queenstown,Rev,1
0,2nd,male,31,0,0,10.5,Southampton,Mr,1
0,2nd,female,26,1,1,26,Southampton,Mrs,0
0,2nd,male,30,1,1,26,Southampton,Rev,0
1,2nd,female,1,1,2,41.5792007,Cherbourg,Miss,0
1,1st,male,42,0,0,26.2875004,Southampton,Mr,1
1,2nd,female,3,1,2,41.5792007,Cherbourg,Miss,0
0,2nd,male,25,1,2,41.5792007,Cherbourg,Mr,0
1,2nd,female,22,1,2,41.5792007,Cherbourg,Mrs,0
1,2nd,female,17,0,0,12,Cherbourg,Miss,1
1,2nd,female,34,0,0,10.5,Southampton,Mrs,1
0,2nd,male,36,0,0,12.875,Cherbourg,Mr,1
0,2nd,male,24,0,0,10.5,Southampton,Mr,1
0,2nd,male,61,0,0,12.3500004,Queenstown,Mr,1
0,2nd,male,50,1,0,26,Southampton,Mr,0
1,1st,female,53,0,0,27.4458008,Cherbourg,Mrs,1
1,2nd,female,42,1,0,26,Southampton,Mrs,0
0,2nd,female,57,0,0,10.5,Southampton,Mrs,1
1,2nd,male,1,0,2,37.0042,Cherbourg,Master,0
0,2nd,male,31,1,1,37.0042,Cherbourg,Mr,0
1,2nd,female,24,1,1,37.0042,Cherbourg,Mrs,0
0,2nd,male,30,0,0,13,Southampton,Mr,1
0,2nd,male,40,0,0,16,Southampton,Mr,1
0,2nd,male,32,0,0,13.5,Southampton,Mr,1
0,1st,female,25,1,2,151.550003,Southampton,Mrs,0
1,1st,male,36,0,1,512.329224,Cherbourg,Mr,0
0,2nd,male,30,0,0,13,Southampton,Mr,1
0,2nd,male,46,0,0,26,Southampton,Mr,1
1,2nd,female,13,0,1,19.5,Southampton,Miss,0
1,2nd,female,41,0,1,19.5,Southampton,Mrs,0
1,2nd,male,19,0,0,10.5,Southampton,Mr,1
0,2nd,male,39,0,0,13,Southampton,Mr,1
0,2nd,male,48,0,0,13,Southampton,Mr,1
0,2nd,male,70,0,0,10.5,Southampton,Mr,1
0,2nd,male,27,0,0,13,Southampton,Rev,1
0,2nd,male,54,0,0,14,Southampton,Dr,1
1,1st,female,58,0,1,512.329224,Cherbourg,Mrs,0
0,2nd,male,39,0,0,26,Southampton,Mr,1
0,2nd,male,16,0,0,10.5,Southampton,Mr,1
0,2nd,male,62,0,0,9.6875,Queenstown,Mr,1
0,2nd,male,32.5,1,0,30.0708008,Cherbourg,Mr,0
1,2nd,female,14,1,0,30.0708008,Cherbourg,Mrs,0
1,2nd,male,2,1,1,26,Southampton,Master,0
1,2nd,male,3,1,1,26,Southampton,Master,0
0,2nd,male,36.5,0,2,26,Southampton,Mr,0
0,2nd,male,26,0,0,13,Southampton,Mr,1
0,2nd,male,19,1,1,36.75,Southampton,Mr,0
0,1st,male,33,0,0,5,Southampton,Mr,1
0,2nd,male,28,0,0,13.5,Southampton,Mr,1
1,2nd,male,20,0,0,13.8625002,Cherbourg,Mr,1
1,2nd,female,29,0,0,10.5,Southampton,Mrs,1
0,2nd,male,39,0,0,13,Southampton,Mr,1
1,2nd,male,22,0,0,10.5,Southampton,Mr,1
0,2nd,male,23,0,0,10.5,Southampton,Dr,1
1,2nd,male,29,0,0,13.8583002,Cherbourg,Mr,1
0,2nd,male,28,0,0,10.5,Southampton,Mr,1
0,1st,male,28,0,0,47.0999985,Southampton,Mr,1
1,2nd,female,50,0,1,26,Southampton,Mrs,0
0,2nd,male,19,0,0,10.5,Southampton,Mr,1
0,2nd,male,41,0,0,13,Southampton,Rev,1
1,2nd,female,21,0,1,21,Southampton,Miss,0
1,2nd,female,19,0,0,26,Southampton,Miss,1
0,2nd,male,43,0,1,21,Southampton,Mr,0
1,2nd,female,32,0,0,13,Southampton,Mrs,1
0,2nd,male,34,0,0,13,Southampton,Mr,1
1,2nd,male,30,0,0,12.7375002,Cherbourg,Mr,1
0,1st,male,17,0,0,47.0999985,Southampton,Mr,1
0,2nd,male,27,0,0,15.0333004,Cherbourg,Mr,1
1,2nd,female,2,1,1,26,Southampton,Miss,0
1,2nd,female,8,1,1,26,Southampton,Miss,0
1,2nd,female,33,0,2,26,Southampton,Mrs,0
0,2nd,male,36,0,0,10.5,Southampton,Mr,1
0,2nd,male,34,1,0,21,Southampton,Mr,0
1,2nd,female,30,3,0,21,Southampton,Mrs,0
1,2nd,female,28,0,0,13,Southampton,Ms,1
0,2nd,male,23,0,0,15.0458002,Cherbourg,Mr,1
1,2nd,male,0.833299994,1,1,18.75,Southampton,Master,0
1,1st,male,11,1,2,120,Southampton,Master,0
1,2nd,male,3,1,1,18.75,Southampton,Master,0
1,2nd,female,24,2,3,18.75,Southampton,Mrs,0
1,2nd,female,50,0,0,10.5,Southampton,Miss,1
0,2nd,male,19,0,0,10.5,Southampton,Mr,1
1,2nd,female,21,0,0,10.5,Southampton,Miss,1
0,2nd,male,26,0,0,13,Southampton,Mr,1
0,2nd,male,25,0,0,13,Southampton,Mr,1
0,2nd,male,27,0,0,26,Southampton,Mr,1
1,2nd,female,25,0,1,26,Southampton,Mrs,0
1,2nd,female,18,0,2,13,Southampton,Miss,0
1,1st,female,14,1,2,120,Southampton,Miss,0
1,2nd,female,20,0,0,36.75,Southampton,Miss,1
1,2nd,female,30,0,0,13,Southampton,Miss,1
0,2nd,male,59,0,0,13.5,Southampton,Mr,1
1,2nd,female,30,0,0,12.3500004,Queenstown,Miss,1
0,2nd,male,35,0,0,10.5,Southampton,Mr,1
1,2nd,female,40,0,0,13,Southampton,Miss,1
0,2nd,male,25,0,0,13,Southampton,Mr,1
0,2nd,male,41,0,0,15.0458002,Cherbourg,Mr,1
0,2nd,male,25,0,0,10.5,Southampton,Mr,1
0,2nd,male,18.5,0,0,13,Southampton,Mr,1
1,1st,male,36,1,2,120,Southampton,Mr,0
0,2nd,male,14,0,0,65,Southampton,Mr,1
1,2nd,female,50,0,0,10.5,Southampton,Miss,1
0,2nd,male,23,0,0,13,Southampton,Mr,1
1,2nd,female,28,0,0,12.6499996,Southampton,Mrs,1
1,2nd,female,27,0,0,10.5,Southampton,Miss,1
0,2nd,male,29,1,0,21,Southampton,Mr,0
0,2nd,female,27,1,0,21,Southampton,Mrs,0
0,2nd,male,40,0,0,13,Southampton,Mr,1
1,2nd,female,31,0,0,21,Southampton,Miss,1
0,2nd,male,30,1,0,21,Southampton,Mr,0
1,1st,female,36,1,2,120,Southampton,Mrs,0
0,2nd,male,23,1,0,10.5,Southampton,Mr,0
1,2nd,female,31,0,0,21,Southampton,Mrs,1
1,2nd,female,12,0,0,15.75,Southampton,Miss,1
1,2nd,female,40,0,0,15.75,Southampton,Mrs,1
1,2nd,female,32.5,0,0,13,Southampton,Miss,1
0,2nd,male,27,1,0,26,Southampton,Mr,0
1,2nd,female,29,1,0,26,Southampton,Mrs,0
1,2nd,male,2,1,1,23,Southampton,Master,0
1,2nd,female,4,1,1,23,Southampton,Miss,0
0,1st,male,49,0,0,26,Southampton,Mr,1
1,2nd,female,29,0,2,23,Southampton,Mrs,0
1,2nd,female,0.916700006,1,2,27.75,Southampton,Miss,0
1,2nd,female,5,1,2,27.75,Southampton,Miss,0
0,2nd,male,36,1,2,27.75,Southampton,Mr,0
1,2nd,female,33,1,2,27.75,Southampton,Mrs,0
0,2nd,male,66,0,0,10.5,Southampton,Mr,1
1,2nd,male,31,0,0,13,Southampton,Mr,1
1,2nd,female,26,0,0,13.5,Southampton,Miss,1
1,1st,male,48,0,0,26.5499992,Southampton,Mr,1
0,2nd,female,24,0,0,13,Southampton,Miss,1
0,3rd,male,42,0,0,7.55000019,Southampton,Mr,1
0,3rd,male,13,0,2,20.25,Southampton,Master,0
0,3rd,male,16,1,1,20.25,Southampton,Mr,0
1,3rd,female,35,1,1,20.25,Southampton,Mrs,0
1,3rd,female,16,0,0,7.6500001,Southampton,Miss,1
1,3rd,male,25,0,0,7.6500001,Southampton,Mr,1
1,3rd,male,20,0,0,7.92500019,Southampton,Mr,1
1,3rd,female,18,0,0,7.22919989,Cherbourg,Mrs,1
0,3rd,male,30,0,0,7.25,Southampton,Mr,1
0,1st,male,36,1,0,78.8499985,Southampton,Mr,0
0,3rd,male,26,0,0,8.05000019,Southampton,Mr,1
0,3rd,female,40,1,0,9.47500038,Southampton,Mrs,0
1,3rd,male,0.833299994,0,1,9.35000038,Southampton,Master,0
1,3rd,female,18,0,1,9.35000038,Southampton,Mrs,0
1,3rd,male,26,0,0,18.7875004,Cherbourg,Mr,1
0,3rd,male,26,0,0,7.88749981,Southampton,Mr,1
0,3rd,male,20,0,0,7.92500019,Southampton,Mr,1
0,3rd,male,24,0,0,7.05000019,Southampton,Mr,1
0,3rd,male,25,0,0,7.05000019,Southampton,Mr,1
0,3rd,male,35,0,0,8.05000019,Southampton,Mr,1
1,1st,female,76,1,0,78.8499985,Southampton,Mrs,0
0,3rd,male,18,0,0,8.30000019,Southampton,Mr,1
0,3rd,male,32,0,0,22.5249996,Southampton,Mr,1
1,3rd,female,19,1,0,7.85419989,Southampton,Miss,0
0,3rd,male,4,4,2,31.2749996,Southampton,Master,0
0,3rd,female,6,4,2,31.2749996,Southampton,Miss,0
0,3rd,female,2,4,2,31.2749996,Southampton,Miss,0
1,3rd,female,17,4,2,7.92500019,Southampton,Miss,0
0,3rd,female,38,4,2,7.7750001,Southampton,Miss,0
0,3rd,female,9,4,2,31.2749996,Southampton,Miss,0
0,3rd,female,11,4,2,31.2749996,Southampton,Miss,0
0,1st,male,46,1,0,61.1749992,Southampton,Mr,0
0,3rd,male,39,1,5,31.2749996,Southampton,Mr,0
1,3rd,male,27,0,0,7.79580021,Southampton,Mr,1
0,3rd,male,26,0,0,7.7750001,Southampton,Mr,1
0,3rd,female,39,1,5,31.2749996,Southampton,Mrs,0
0,3rd,male,20,0,0,7.85419989,Southampton,Mr,1
0,3rd,male,26,0,0,7.89580011,Southampton,Mr,1
0,3rd,male,25,1,0,17.7999992,Southampton,Mr,0
0,3rd,female,18,1,0,17.7999992,Southampton,Mrs,0
0,3rd,male,24,0,0,7.7750001,Southampton,Mr,1
0,3rd,male,35,0,0,7.05000019,Southampton,Mr,1
1,1st,female,47,1,0,61.1749992,Southampton,Mrs,0
0,3rd,male,5,4,2,31.3875008,Southampton,Master,0
0,3rd,male,9,4,2,31.3875008,Southampton,Master,0
1,3rd,male,3,4,2,31.3875008,Southampton,Master,0
0,3rd,male,13,4,2,31.3875008,Southampton,Master,0
1,3rd,female,5,4,2,31.3875008,Southampton,Miss,0
0,3rd,male,40,1,5,31.3875008,Southampton,Mr,0
1,3rd,male,23,0,0,7.79580021,Southampton,Mr,1
1,3rd,female,38,1,5,31.3875008,Southampton,Mrs,0
1,3rd,female,45,0,0,7.2249999,Cherbourg,Mrs,1
0,3rd,male,21,0,0,7.2249999,Cherbourg,Mr,1
1,1st,male,27,1,0,53.0999985,Southampton,Mr,0
0,3rd,male,23,0,0,7.05000019,Southampton,Mr,1
0,3rd,female,17,0,0,14.4582996,Cherbourg,Miss,1
0,3rd,male,30,0,0,7.2249999,Cherbourg,Mr,1
0,3rd,male,23,0,0,7.85419989,Southampton,Mr,1
1,3rd,female,13,0,0,7.22919989,Cherbourg,Miss,1
0,3rd,male,20,0,0,7.2249999,Cherbourg,Mr,1
0,3rd,male,32,1,0,15.8500004,Southampton,Mr,0
1,3rd,female,33,3,0,15.8500004,Southampton,Mrs,0
1,3rd,female,0.75,2,1,19.2583008,Cherbourg,Miss,0
1,3rd,female,0.75,2,1,19.2583008,Cherbourg,Miss,0
1,1st,female,33,1,0,53.0999985,Southampton,Mrs,0
1,3rd,female,5,2,1,19.2583008,Cherbourg,Miss,0
1,3rd,female,24,0,3,19.2583008,Cherbourg,Mrs,0
1,3rd,female,18,0,0,8.05000019,Southampton,Miss,1
0,3rd,male,40,0,0,7.2249999,Cherbourg,Mr,1
0,3rd,male,26,0,0,7.89580011,Southampton,Mr,1
1,3rd,male,20,0,0,7.22919989,Cherbourg,Mr,1
0,3rd,female,18,0,1,14.4541998,Cherbourg,Miss,0
0,3rd,female,45,0,1,14.4541998,Cherbourg,Mrs,0
0,3rd,female,27,0,0,7.87919998,Queenstown,Miss,1
0,3rd,male,22,0,0,8.05000019,Southampton,Mr,1
1,1st,female,36,0,0,262.375,Cherbourg,Miss,1
0,3rd,male,19,0,0,8.05000019,Southampton,Mr,1
0,3rd,male,26,0,0,7.7750001,Southampton,Mr,1
0,3rd,male,22,0,0,9.35000038,Southampton,Mr,1
0,3rd,male,20,0,0,4.01249981,Cherbourg,Mr,1
1,3rd,male,32,0,0,56.4958,Southampton,Mr,1
0,3rd,male,21,0,0,7.7750001,Southampton,Mr,1
0,3rd,male,18,0,0,7.75,Southampton,Mr,1
0,3rd,male,26,0,0,7.89580011,Southampton,Mr,1
0,3rd,male,6,1,1,15.2458,Cherbourg,Master,0
1,1st,female,30,0,0,86.5,Southampton,Miss,1
0,3rd,female,9,1,1,15.2458,Cherbourg,Miss,0
0,3rd,male,40,1,1,15.5,Queenstown,Mr,0
0,3rd,female,32,1,1,15.5,Queenstown,Mrs,0
0,3rd,male,21,0,0,16.1000004,Southampton,Mr,1
1,3rd,female,22,0,0,7.7249999,Queenstown,Miss,1
0,3rd,female,20,0,0,7.85419989,Southampton,Miss,1
0,3rd,male,29,1,0,7.04580021,Southampton,Mr,0
1,1st,male,45,0,0,29.7000008,Cherbourg,Mr,1
0,3rd,male,22,1,0,7.25,Southampton,Mr,0
0,3rd,male,22,0,0,7.79580021,Southampton,Mr,1
0,3rd,male,35,0,0,8.05000019,Southampton,Mr,1
0,3rd,female,18.5,0,0,7.28329992,Queenstown,Miss,1
1,3rd,male,21,0,0,7.82079983,Queenstown,Mr,1
0,3rd,male,19,0,0,6.75,Queenstown,Mr,1
0,3rd,female,18,0,0,7.87919998,Queenstown,Miss,1
0,3rd,female,21,0,0,8.66250038,Southampton,Miss,1
0,3rd,female,30,0,0,8.66250038,Southampton,Miss,1
0,3rd,male,18,0,0,8.66250038,Southampton,Mr,1
1,1st,female,63,1,0,77.9582977,Southampton,Miss,0
0,3rd,male,38,0,0,8.66250038,Southampton,Mr,1
0,3rd,male,17,0,0,8.66250038,Southampton,Mr,1
0,3rd,male,17,0,0,8.66250038,Southampton,Mr,1
0,3rd,female,21,0,0,7.75,Queenstown,Miss,1
0,3rd,male,21,0,0,7.75,Queenstown,Mr,1
0,3rd,male,21,0,0,8.05000019,Southampton,Mr,1
0,3rd,male,28,0,0,7.79580021,Southampton,Mr,1
0,3rd,male,24,0,0,7.85419989,Southampton,Mr,1
1,3rd,female,16,0,0,7.75,Queenstown,Miss,1
0,3rd,female,37,0,0,7.75,Queenstown,Miss,1
0,3rd,male,28,0,0,7.25,Southampton,Mr,1
0,3rd,male,24,0,0,8.05000019,Southampton,Mr,1
0,3rd,male,21,0,0,7.73330021,Queenstown,Mr,1
1,3rd,male,32,0,0,56.4958,Southampton,Mr,1
0,3rd,male,29,0,0,8.05000019,Southampton,Mr,1
0,3rd,male,26,1,0,14.4541998,Cherbourg,Mr,0
0,3rd,male,18,1,0,14.4541998,Cherbourg,Mr,0
0,3rd,male,20,0,0,7.05000019,Southampton,Mr,1
0,1st,male,27,1,0,136.779205,Cherbourg,Mr,0
1,3rd,male,18,0,0,8.05000019,Southampton,Mr,1
0,3rd,male,24,0,0,7.25,Queenstown,Mr,1
0,3rd,male,36,0,0,7.49580002,Southampton,Mr,1
0,3rd,male,24,0,0,7.49580002,Southampton,Mr,1
0,3rd,male,31,0,0,7.73330021,Queenstown,Mr,1
0,3rd,male,31,0,0,7.75,Queenstown,Mr,1
1,3rd,female,22,0,0,7.75,Queenstown,Miss,1
0,3rd,female,30,0,0,7.62919998,Queenstown,Miss,1
0,3rd,male,70.5,0,0,7.75,Queenstown,Mr,1
0,3rd,male,43,0,0,8.05000019,Southampton,Mr,1
1,1st,female,26,1,0,136.779205,Cherbourg,Mrs,0
0,3rd,male,35,0,0,7.89580011,Southampton,Mr,1
0,3rd,male,27,0,0,7.89580011,Southampton,Mr,1
0,3rd,male,19,0,0,7.89580011,Southampton,Mr,1
0,3rd,male,30,0,0,8.05000019,Southampton,Mr,1
1,3rd,male,9,1,1,15.8999996,Southampton,Master,0
1,3rd,male,3,1,1,15.8999996,Southampton,Master,0
1,3rd,female,36,0,2,15.8999996,Southampton,Mrs,0
0,3rd,male,59,0,0,7.25,Southampton,Mr,1
0,3rd,male,19,0,0,8.1583004,Southampton,Mr,1
1,3rd,female,17,0,1,16.1000004,Southampton,Miss,0
1,1st,female,22,0,0,151.550003,Southampton,Miss,1
0,3rd,male,44,0,1,16.1000004,Southampton,Mr,0
0,3rd,male,17,0,0,8.66250038,Southampton,Mr,1
0,3rd,male,22.5,0,0,7.2249999,Cherbourg,Mr,1
1,3rd,male,45,0,0,8.05000019,Southampton,Mr,1
0,3rd,female,22,0,0,10.5166998,Southampton,Miss,1
0,3rd,male,19,0,0,10.1708002,Southampton,Mr,1
1,3rd,female,30,0,0,6.94999981,Queenstown,Miss,1
1,3rd,male,29,0,0,7.75,Queenstown,Mr,1
0,3rd,male,0.333299994,0,2,14.3999996,Southampton,Master,0
0,3rd,male,34,1,1,14.3999996,Southampton,Mr,0
0,3rd,female,28,1,1,14.3999996,Southampton,Mrs,0
0,3rd,male,27,0,0,7.89580011,Southampton,Mr,1
0,3rd,male,25,0,0,7.89580011,Southampton,Mr,1
0,3rd,male,24,2,0,24.1499996,Southampton,Mr,0
0,3rd,male,22,0,0,8.05000019,Southampton,Mr,1
0,3rd,male,21,2,0,24.1499996,Southampton,Mr,0
0,3rd,male,17,2,0,8.05000019,Southampton,Mr,0
1,3rd,male,36.5,1,0,17.3999996,Southampton,Mr,0
0,1st,male,47,0,0,25.5874996,Southampton,Mr,1
1,3rd,female,36,1,0,17.3999996,Southampton,Mrs,0
1,3rd,male,30,0,0,9.5,Southampton,Mr,1
0,3rd,male,16,0,0,9.5,Southampton,Mr,1
1,3rd,male,1,1,2,20.5750008,Southampton,Master,0
1,3rd,female,0.166700006,1,2,20.5750008,Southampton,Miss,0
0,3rd,male,26,1,2,20.5750008,Southampton,Mr,0
1,3rd,female,33,1,2,20.5750008,Southampton,Mrs,0
0,3rd,male,25,0,0,7.89580011,Southampton,Mr,1
1,1st,female,39,1,1,83.1583023,Cherbourg,Miss,0
0,3rd,male,22,0,0,7.25,Southampton,Mr,1
0,3rd,male,36,0,0,7.25,Southampton,Mr,1
1,3rd,female,19,0,0,7.87919998,Queenstown,Miss,1
0,3rd,male,17,0,0,7.89580011,Southampton,Mr,1
0,3rd,male,42,0,0,8.66250038,Southampton,Mr,1
0,3rd,male,43,0,0,7.89580011,Southampton,Mr,1
0,3rd,male,32,0,0,7.75,Queenstown,Mr,1
1,3rd,male,19,0,0,8.05000019,Southampton,Mr,1
1,3rd,female,30,0,0,12.4750004,Southampton,Miss,1
0,1st,male,37,1,1,83.1583023,Cherbourg,Mr,0
0,3rd,female,24,0,0,7.75,Queenstown,Miss,1
1,3rd,female,23,0,0,8.05000019,Southampton,Miss,1
0,3rd,male,33,0,0,7.89580011,Cherbourg,Mr,1
0,3rd,male,65,0,0,7.75,Queenstown,Mr,1
1,3rd,male,24,0,0,7.55000019,Southampton,Mr,1
0,3rd,male,23,1,0,13.8999996,Southampton,Mr,0
1,3rd,female,22,1,0,13.8999996,Southampton,Mrs,0
0,3rd,male,18,0,0,7.7750001,Southampton,Mr,1
0,3rd,male,16,0,0,7.7750001,Southampton,Mr,1
0,3rd,male,45,0,0,6.9749999,Southampton,Mr,1
1,1st,female,64,0,2,83.1583023,Cherbourg,Mrs,0
0,3rd,male,39,0,2,7.22919989,Cherbourg,Mr,0
0,3rd,male,17,1,1,7.22919989,Cherbourg,Mr,0
0,3rd,male,15,1,1,7.22919989,Cherbourg,Mr,0
0,3rd,male,47,0,0,7.25,Southampton,Mr,1
1,3rd,female,5,0,0,12.4750004,Southampton,Miss,1
0,3rd,male,40.5,0,0,15.1000004,Southampton,Mr,1
0,3rd,male,40.5,0,0,7.75,Queenstown,Mr,1
0,1st,male,39,0,0,0,Southampton,Mr,1
1,1st,female,55,2,0,25.7000008,Southampton,Mrs,0
0,3rd,male,18,0,0,7.79580021,Southampton,Mr,1
0,3rd,male,26,0,0,7.87919998,Queenstown,Mr,1
0,3rd,female,21,2,2,34.375,Southampton,Miss,0
0,3rd,female,9,2,2,34.375,Southampton,Miss,0
0,3rd,male,18,2,2,34.375,Southampton,Mr,0
0,3rd,male,16,1,3,34.375,Southampton,Mr,0
0,3rd,female,48,1,3,34.375,Southampton,Mrs,0
0,3rd,male,25,0,0,7.74170017,Queenstown,Mr,1
0,3rd,male,22,0,0,8.05000019,Southampton,Mr,1
1,3rd,female,16,0,0,7.73330021,Queenstown,Miss,1
0,1st,male,70,1,1,71,Southampton,Capt,0
1,3rd,male,9,0,2,20.5249996,Southampton,Master,0
0,3rd,male,33,1,1,20.5249996,Southampton,Mr,0
0,3rd,male,41,0,0,7.8499999,Southampton,Mr,1
1,3rd,female,31,1,1,20.5249996,Southampton,Mrs,0
0,3rd,male,38,0,0,7.05000019,Southampton,Mr,1
0,3rd,male,9,5,2,46.9000015,Southampton,Master,0
0,3rd,male,1,5,2,46.9000015,Southampton,Master,0
0,3rd,male,11,5,2,46.9000015,Southampton,Master,0
0,3rd,female,10,5,2,46.9000015,Southampton,Miss,0
1,1st,female,36,0,2,71,Southampton,Miss,0
0,3rd,female,16,5,2,46.9000015,Southampton,Miss,0
0,3rd,male,14,5,2,46.9000015,Southampton,Mr,0
0,3rd,male,40,1,6,46.9000015,Southampton,Mr,0
0,3rd,female,43,1,6,46.9000015,Southampton,Mrs,0
0,3rd,male,51,0,0,8.05000019,Southampton,Mr,1
0,3rd,male,32,0,0,8.36250019,Southampton,Mr,1
0,3rd,male,20,0,0,9.8458004,Southampton,Mr,1
0,3rd,male,37,2,0,7.92500019,Southampton,Mr,0
0,3rd,male,28,2,0,7.92500019,Southampton,Mr,0
1,1st,female,64,1,1,26.5499992,Southampton,Mrs,0
0,3rd,male,19,0,0,7.7750001,Southampton,Mr,1
0,3rd,female,24,0,0,8.85000038,Southampton,Miss,1
0,3rd,female,17,0,0,7.73330021,Queenstown,Miss,1
0,3rd,male,28,1,0,15.8500004,Southampton,Mr,0
1,3rd,female,24,1,0,15.8500004,Southampton,Mrs,0
0,3rd,male,20,0,0,9.5,Southampton,Mr,1
0,3rd,male,23.5,0,0,7.22919989,Cherbourg,Mr,1
0,3rd,male,41,2,0,14.1083002,Southampton,Mr,0
0,1st,male,39,1,0,71.2833023,Cherbourg,Mr,0
0,3rd,male,26,1,0,7.85419989,Southampton,Mr,0
0,3rd,male,21,0,0,7.85419989,Southampton,Mr,1
1,3rd,female,45,1,0,14.1083002,Southampton,Mrs,0
0,3rd,male,25,0,0,7.25,Southampton,Mr,1
0,3rd,male,11,0,0,18.7875004,Cherbourg,Mr,1
1,3rd,male,27,0,0,6.9749999,Southampton,Mr,1
1,1st,female,38,1,0,71.2833023,Cherbourg,Mrs,0
0,3rd,female,18,0,0,6.75,Queenstown,Miss,1
1,3rd,female,26,0,0,7.92500019,Southampton,Miss,1
0,3rd,female,23,0,0,7.92500019,Southampton,Miss,1
1,3rd,female,22,0,0,8.96249962,Southampton,Miss,1
0,3rd,male,28,0,0,7.89580011,Southampton,Mr,1
0,3rd,female,28,0,0,7.7750001,Southampton,Miss,1
1,3rd,female,2,0,1,12.2875004,Southampton,Miss,0
1,3rd,female,22,1,1,12.2875004,Southampton,Mrs,0
0,3rd,male,43,0,0,6.44999981,Southampton,Mr,1
1,1st,male,51,0,0,26.5499992,Southampton,Mr,1
0,3rd,male,28,0,0,22.5249996,Southampton,Mr,1
1,3rd,female,27,0,0,7.92500019,Southampton,Miss,1
0,3rd,male,42,0,0,7.6500001,Southampton,Mr,1
0,3rd,male,30,0,0,7.22919989,Cherbourg,Mr,1
0,3rd,female,27,1,0,7.92500019,Southampton,Miss,0
0,3rd,female,25,1,0,7.92500019,Southampton,Miss,0
1,1st,male,27,0,0,30.5,Southampton,Mr,1
1,3rd,male,29,0,0,7.89580011,Cherbourg,Mr,1
1,3rd,male,21,0,0,7.79580021,Southampton,Mr,1
0,3rd,male,20,0,0,7.85419989,Southampton,Mr,1
0,3rd,male,48,0,0,7.85419989,Southampton,Mr,1
0,3rd,male,17,1,0,7.05420017,Southampton,Mr,0
0,3rd,male,34,0,0,6.49580002,Southampton,Mr,1
1,1st,female,33,0,0,151.550003,Southampton,Miss,1
1,3rd,male,26,0,0,7.7750001,Southampton,Mr,1
0,3rd,male,22,0,0,7.79580021,Southampton,Mr,1
0,3rd,male,33,0,0,8.6541996,Southampton,Mr,1
0,3rd,male,31,0,0,7.7750001,Southampton,Mr,1
0,3rd,male,29,0,0,7.85419989,Southampton,Mr,1
1,3rd,male,4,1,1,11.1332998,Southampton,Master,0
1,3rd,female,1,1,1,11.1332998,Southampton,Miss,0
0,3rd,male,49,0,0,0,Southampton,Mr,1
0,3rd,male,33,0,0,7.7750001,Southampton,Mr,1
0,3rd,male,19,0,0,0,Southampton,Mr,1
1,1st,female,53,2,0,51.4791985,Southampton,Mrs,0
0,1st,male,31,1,0,52,Southampton,Mr,0
1,3rd,female,27,0,2,11.1332998,Southampton,Mrs,0
0,3rd,male,23,0,0,7.89580011,Southampton,Mr,1
1,3rd,male,32,0,0,7.85419989,Southampton,Mr,1
0,3rd,male,27,0,0,7.85419989,Southampton,Mr,1
0,3rd,female,20,1,0,9.82499981,Southampton,Miss,0
0,3rd,female,21,1,0,9.82499981,Southampton,Miss,0
1,1st,female,27,1,2,52,Southampton,Mrs,0
1,3rd,male,32,0,0,7.92500019,Southampton,Mr,1
0,3rd,male,17,0,0,7.125,Southampton,Mr,1
0,3rd,male,21,0,0,8.43330002,Southampton,Mr,1
0,3rd,male,30,0,0,7.89580011,Southampton,Mr,1
1,3rd,male,21,0,0,7.79580021,Southampton,Mr,1
0,3rd,male,33,0,0,7.85419989,Southampton,Mr,1
0,3rd,male,22,0,0,7.52080011,Southampton,Mr,1
1,3rd,female,4,0,1,13.4167004,Cherbourg,Miss,0
1,3rd,male,39,0,1,13.4167004,Cherbourg,Mr,0
1,1st,male,31,1,0,57,Southampton,Mr,0
0,3rd,male,18.5,0,0,7.22919989,Cherbourg,Mr,1
0,3rd,male,34.5,0,0,7.82919979,Queenstown,Mr,1
0,3rd,male,44,0,0,8.05000019,Southampton,Mr,1
1,1st,female,17,1,0,57,Southampton,Mrs,0
0,3rd,female,22,2,0,8.66250038,Southampton,Miss,0
0,3rd,male,26,2,0,8.66250038,Southampton,Mr,0
1,3rd,female,4,0,2,22.0249996,Southampton,Miss,0
1,3rd,male,29,3,1,22.0249996,Southampton,Mr,0
1,3rd,female,26,1,1,22.0249996,Southampton,Mrs,0
0,3rd,female,1,1,1,12.1833,Southampton,Miss,0
0,3rd,male,18,1,1,7.85419989,Southampton,Mr,0
1,1st,male,53,1,1,81.8582993,Southampton,Dr,0
0,3rd,female,36,0,2,12.1833,Southampton,Mrs,0
1,3rd,male,25,0,0,7.22919989,Cherbourg,Mr,1
0,3rd,female,37,0,0,9.58749962,Southampton,Miss,1
1,3rd,female,22,0,0,7.25,Southampton,Miss,1
1,1st,male,4,0,2,81.8582993,Southampton,Master,0
1,3rd,male,26,0,0,56.4958,Southampton,Mr,1
0,3rd,male,29,0,0,9.48330021,Southampton,Mr,1
0,3rd,male,29,0,0,7.7750001,Southampton,Mr,1
0,3rd,male,22,0,0,7.7750001,Southampton,Mr,1
1,3rd,male,22,0,0,7.2249999,Cherbourg,Mr,1
1,1st,female,54,1,1,81.8582993,Southampton,Mrs,0
0,3rd,male,32,0,0,7.92500019,Southampton,Mr,1
0,3rd,male,34.5,0,0,6.4375,Cherbourg,Mr,1
0,3rd,male,36,0,0,0,Southampton,Mr,1
0,3rd,male,39,0,0,24.1499996,Southampton,Mr,1
0,3rd,male,24,0,0,9.5,Southampton,Mr,1
0,3rd,female,25,0,0,7.7750001,Southampton,Miss,1
0,3rd,female,45,0,0,7.75,Southampton,Miss,1
0,3rd,male,36,1,0,15.5500002,Southampton,Mr,0
0,1st,male,50,1,0,106.425003,Cherbourg,Mr,0
0,3rd,female,30,1,0,15.5500002,Southampton,Mrs,0
1,3rd,male,20,1,0,7.92500019,Southampton,Mr,0
0,3rd,male,28,0,0,56.4958,Southampton,Mr,1
0,3rd,male,30,1,0,16.1000004,Southampton,Mr,0
0,3rd,female,26,1,0,16.1000004,Southampton,Mrs,0
0,3rd,male,20.5,0,0,7.25,Southampton,Mr,1
1,3rd,male,27,0,0,8.66250038,Southampton,Mr,1
1,1st,female,27,1,1,247.520798,Cherbourg,Mrs,0
0,3rd,male,51,0,0,7.05420017,Southampton,Mr,1
1,3rd,female,23,0,0,7.85419989,Southampton,Miss,1
1,3rd,male,32,0,0,7.57919979,Southampton,Mr,1
1,3rd,male,24,0,0,7.14169979,Southampton,Mr,1
0,3rd,male,22,0,0,7.125,Southampton,Mr,1
1,1st,female,48,1,0,106.425003,Cherbourg,Mrs,0
0,3rd,male,29,0,0,7.92500019,Southampton,Mr,1
0,3rd,female,30.5,0,0,7.75,Queenstown,Miss,1
0,3rd,male,35,0,0,7.89580011,Cherbourg,Mr,1
0,3rd,male,33,0,0,7.89580011,Southampton,Mr,1
